index,bidder,value_wei,tx_hash,sent_at_ms,mined_at_ms,latency_ms,block,gas_used,effective_gas_price,cost_wei,status
0,0xdb1781810F8a53c5Ec34BcaC295f8921eD8956e9,1000000000000000,7cede465004bdf138152ad5f2b40d0e38b91c39058f1d1aa8c8b8b811ec92beb,1778103338205.2817,1778103338758.3784,553.0966796875,30117215,200000,102000000000,20400000000000000,success
1,0x841e98Fb374AdBF0e03c772a8A5DCb8719984D77,1200000000000000,05c282e26466e75802f461045227bdca53d2e87618852d743d33eafd23c4e425,1778103338861.1323,1778103339143.6362,282.50390625,30117216,200000,102000000000,20400000000000000,success
2,0x8611D0c2522d94c4B08EBa4da2D573db2Bc3c811,1300000000000000,72dd301087fbede817c42a2049050c53d5277ed5c75d943f69ea327464b3d133,1778103339269.14,1778103339571.111,301.97119140625,30117217,200000,102000000000,20400000000000000,success
3,0xdb1781810F8a53c5Ec34BcaC295f8921eD8956e9,400000000000000,9116b87bdcb2e79fec1ecdc074fc2eefee60afd2c94a0cf33010956eabdfb153,1778103339675.0374,1778103340094.9202,419.8828125,30117218,200000,102000000000,20400000000000000,success
4,0x841e98Fb374AdBF0e03c772a8A5DCb8719984D77,400000000000000,1f3af1c259201f4f0568bf458681566814cf0754c6a64e264ae4b6ddee570b38,1778103340191.6172,1778103340738.0256,546.408447265625,30117220,200000,102000000000,20400000000000000,success
5,0x8611D0c2522d94c4B08EBa4da2D573db2Bc3c811,400000000000000,0719de08e399e1e4e8e7d7970e91ada77c3a6c9cfa110f4585906e8991e73ce8,1778103340838.2595,1778103341125.4727,287.213134765625,30117221,200000,102000000000,20400000000000000,success
6,0xdb1781810F8a53c5Ec34BcaC295f8921eD8956e9,400000000000000,0697d80f38c92b219bf2c8e0acaaedbf48f2f33e80380dab6f1c7014ec53bbd8,1778103341230.1423,1778103341526.4844,296.342041015625,30117222,200000,102000000000,20400000000000000,success
7,0x841e98Fb374AdBF0e03c772a8A5DCb8719984D77,400000000000000,dd50863517ea7ac3769643df522435217162d91f1a1f36c08993b5becdcdee17,1778103341630.782,1778103342833.8474,1203.0654296875,30117223,200000,102000000000,20400000000000000,success
8,0x8611D0c2522d94c4B08EBa4da2D573db2Bc3c811,400000000000000,f638ad1a74f0d841b72a867f748898ffd31750856d66acddf749e53434c1ffab,1778103342943.3079,1778103343374.722,431.4140625,30117225,200000,102000000000,20400000000000000,success
9,0xdb1781810F8a53c5Ec34BcaC295f8921eD8956e9,400000000000000,834c42854f265765f67efd84b56262b478ceb40a1a4993f3c4da280b22302676,1778103343490.5342,1778103344177.914,687.3798828125,30117227,200000,102000000000,20400000000000000,success
10,0x841e98Fb374AdBF0e03c772a8A5DCb8719984D77,400000000000000,3c326245f053691960d4c453f34757762b7fb23d2692dc660a389116ce0f6922,1778103344284.4888,1778103344565.3652,280.87646484375,30117228,200000,102000000000,20400000000000000,success
11,0x8611D0c2522d94c4B08EBa4da2D573db2Bc3c811,400000000000000,45ed9b071ba5231e9dda4233f270de20abc40b9bd8f6c01d1581dab88b406a19,1778103344698.7263,1778103344851.872,153.145751953125,30117229,200000,102000000000,20400000000000000,success
12,0xdb1781810F8a53c5Ec34BcaC295f8921eD8956e9,400000000000000,f20ef17f7044d4deb6aaef9f42a4ea6547a58694e7468c0ef9ae7f42123799ea,1778103344974.4136,1778103345383.7168,409.30322265625,30117230,200000,102000000000,20400000000000000,success
13,0x841e98Fb374AdBF0e03c772a8A5DCb8719984D77,400000000000000,eff4ab9ad164d9314efe5a8002672c75abcbb2ee554445ef765a61b03262a59d,1778103345489.868,1778103345794.519,304.651123046875,30117231,200000,102000000000,20400000000000000,success
14,0x8611D0c2522d94c4B08EBa4da2D573db2Bc3c811,400000000000000,13b29d952f0558149d8b66f5a0d68f933c36aa050b3be9e6857771b47b76e209,1778103345889.6602,1778103346172.4595,282.79931640625,30117232,200000,102000000000,20400000000000000,success
15,0xdb1781810F8a53c5Ec34BcaC295f8921eD8956e9,400000000000000,abbb0c816ba3a79d1891989097d6f7097dee4516188d47d56a058ee1496084da,1778103346275.81,1778103346555.6792,279.869140625,30117233,200000,102000000000,20400000000000000,success
16,0x841e98Fb374AdBF0e03c772a8A5DCb8719984D77,400000000000000,b015ec11ddc62dc441ff8a9ad75b506f63f2dfb2639716470fd1acfa60744d35,1778103346662.9495,1778103346959.4766,296.527099609375,30117234,200000,102000000000,20400000000000000,success
17,0x8611D0c2522d94c4B08EBa4da2D573db2Bc3c811,400000000000000,0a3fa94b59cbe9437208f47f796eabfe83dbfd77bf61d491e177d0fefdb30eb0,1778103347065.8857,1778103347335.5918,269.7060546875,30117235,200000,102000000000,20400000000000000,success
18,0xdb1781810F8a53c5Ec34BcaC295f8921eD8956e9,400000000000000,1d58905823e638d70c07c0b7f75faa1c95c530b61f210f2f0397a3d2eb8bd605,1778103347430.802,1778103347726.0693,295.267333984375,30117236,200000,102000000000,20400000000000000,success
19,0x841e98Fb374AdBF0e03c772a8A5DCb8719984D77,400000000000000,f94336034f8a964a6e04a97dfde6e102d3e66abfce06cc550f1b67aa8b6e06e5,1778103347860.8276,1778103348131.8062,270.978515625,30117237,200000,102000000000,20400000000000000,success
20,0x8611D0c2522d94c4B08EBa4da2D573db2Bc3c811,400000000000000,5e6ce13d9b22f7afaaadb83ffaf6e81667803ca8c1e5135ac2fcd582f2834c50,1778103348224.3167,1778103348511.9548,287.63818359375,30117238,200000,102000000000,20400000000000000,success
21,0xdb1781810F8a53c5Ec34BcaC295f8921eD8956e9,400000000000000,0a458071f6daa6202521fdf60ea098361e0415ea53eefcfc705171884da3073a,1778103348662.5981,1778103348959.8103,297.212158203125,30117239,200000,102000000000,20400000000000000,success
22,0x841e98Fb374AdBF0e03c772a8A5DCb8719984D77,400000000000000,b36fa8ab93f7a545ef15705e4edff2aa8153fad9437235eff1a4f363f343e867,1778103349057.6409,1778103349348.4922,290.851318359375,30117240,200000,102000000000,20400000000000000,success
23,0x8611D0c2522d94c4B08EBa4da2D573db2Bc3c811,400000000000000,282415976eb70b031fdf60ed3a7f9277347f0f8140b765d71f543d0edd65b086,1778103349461.3333,1778103349733.777,272.44384765625,30117241,200000,102000000000,20400000000000000,success
24,0xdb1781810F8a53c5Ec34BcaC295f8921eD8956e9,400000000000000,0c73b6cfbadf0dd4dd3c85458ce9a72e27520934a1731c5a6d583938a038fb5b,1778103349856.6326,1778103350282.6858,426.05322265625,30117242,200000,102000000000,20400000000000000,success
25,0x841e98Fb374AdBF0e03c772a8A5DCb8719984D77,400000000000000,1738163ad8beb1fce6931da6cb819fc5baa8abbffc7d7c405c0366ae94b0bbe9,1778103350347.2544,1778103350869.7544,522.5,30117244,200000,102000000000,20400000000000000,success
26,0x8611D0c2522d94c4B08EBa4da2D573db2Bc3c811,400000000000000,f12cb10c801f89142c17a721fbd9f6b711c485c5fa5f52c5354ca0f7629996ff,1778103351195.187,1778103351739.1306,543.943603515625,30117246,200000,102000000000,20400000000000000,success
27,0xdb1781810F8a53c5Ec34BcaC295f8921eD8956e9,400000000000000,9ef8914ff1f57a877617242706402d18d628a1c7676b236f9900851501b6b010,1778103351957.9915,1778103352508.453,550.46142578125,30117248,200000,102000000000,20400000000000000,success
28,0x841e98Fb374AdBF0e03c772a8A5DCb8719984D77,400000000000000,011068d377c35356946c283b3efa25698d417e144e6fb5322763bb7211bb72f6,1778103352565.41,1778103352988.6804,423.2705078125,30117249,200000,102000000000,20400000000000000,success
29,0x8611D0c2522d94c4B08EBa4da2D573db2Bc3c811,400000000000000,f0a5cea8beb2287aab735ee727992e8c305c50716afc477aaf658481769fb586,1778103353107.3162,1778103353275.316,167.999755859375,30117250,200000,102000000000,20400000000000000,success
30,0xdb1781810F8a53c5Ec34BcaC295f8921eD8956e9,400000000000000,fb10dcc7713df1d752ced34f2880f0ebd3dea32a4e5771886fe9cd0ed1dc24f6,1778103353413.7104,1778103353707.1248,293.414306640625,30117251,200000,102000000000,20400000000000000,success
31,0x841e98Fb374AdBF0e03c772a8A5DCb8719984D77,400000000000000,0121ec01c1b449c7fa2ed14a2ccac8e421bb94ed8e592fa90761c713b3ab8f59,1778103353771.3894,1778103354149.4595,378.070068359375,30117252,200000,102000000000,20400000000000000,success
32,0x8611D0c2522d94c4B08EBa4da2D573db2Bc3c811,400000000000000,1e0b6d8957f609271cc1c927d1f8665f275d1aa2083e9a8a4f993da947e0c304,1778103354228.9087,1778103354496.7842,267.87548828125,30117253,200000,102000000000,20400000000000000,success
33,0xdb1781810F8a53c5Ec34BcaC295f8921eD8956e9,400000000000000,aba3a8be17305f98b8185fb1cf0b7b2d5a74b6a9c739d43b1aa34c812dedea90,1778103354582.8503,1778103354984.1074,401.257080078125,30117254,200000,102000000000,20400000000000000,success
34,0x841e98Fb374AdBF0e03c772a8A5DCb8719984D77,400000000000000,5328c5f3a9be3ea04d729b5bf1ef87deb1fd6f2cf57ab1e51dc8460ffbceab15,1778103355060.251,1778103355335.0332,274.7822265625,30117255,200000,102000000000,20400000000000000,success
35,0x8611D0c2522d94c4B08EBa4da2D573db2Bc3c811,400000000000000,6c1c3c9dfd9819fe98b20da32e2fbecc287d1cce8823af3e577dc26217b7c8f4,1778103355396.7026,1778103355776.4907,379.7880859375,30117256,200000,102000000000,20400000000000000,success
36,0xdb1781810F8a53c5Ec34BcaC295f8921eD8956e9,400000000000000,38c48181d76de5d20b0ef4a628361872ca7d5f8e1d9741e11bc3a15ad6682f92,1778103355859.278,1778103356131.787,272.509033203125,30117257,200000,102000000000,20400000000000000,success
37,0x841e98Fb374AdBF0e03c772a8A5DCb8719984D77,400000000000000,ae932a11df9b43c7ac310af341b6b50ee0db6f5203a2c1436be27f3a74ae1a77,1778103356186.7883,1778103356571.8005,385.01220703125,30117258,200000,102000000000,20400000000000000,success
38,0x8611D0c2522d94c4B08EBa4da2D573db2Bc3c811,400000000000000,09703c80e7f6cc68faca101bc4a23c1d2bc12b74facc415cba6c47af4a9cca31,1778103356653.2632,1778103356936.065,282.8017578125,30117259,200000,102000000000,20400000000000000,success
39,0xdb1781810F8a53c5Ec34BcaC295f8921eD8956e9,400000000000000,fb6e17a2af969327a25ac978456ecc9704bf49c97b2425b75c637129062a337e,1778103357006.84,1778103357282.1128,275.272705078125,30117260,200000,102000000000,20400000000000000,success
40,0x841e98Fb374AdBF0e03c772a8A5DCb8719984D77,400000000000000,2a9b26e351976a3dab1b29709223e6054ee25fa72fc70223767e443fb95b3697,1778103357372.462,1778103357787.786,415.323974609375,30117261,200000,102000000000,20400000000000000,success
41,0x8611D0c2522d94c4B08EBa4da2D573db2Bc3c811,400000000000000,764208ad7db6f6f1e55a6277ae7e9a0989cdb4e312556b75af090e8de9067151,1778103357925.3723,1778103358207.4412,282.06884765625,30117262,200000,102000000000,20400000000000000,success
42,0xdb1781810F8a53c5Ec34BcaC295f8921eD8956e9,400000000000000,81b0c4f5553ddaf76184f740ac2124bbc7818ecd6a7888234dd676d7f36deb96,1778103358301.4043,1778103358589.9126,288.50830078125,30117263,200000,102000000000,20400000000000000,success
43,0x841e98Fb374AdBF0e03c772a8A5DCb8719984D77,400000000000000,4e0bcff0aae61af95fb7a8b406b10fcf2d31a79fc20ab960ace9d0a2b3fea50d,1778103358685.8733,1778103359824.9604,1139.087158203125,30117264,200000,102000000000,20400000000000000,success
44,0x8611D0c2522d94c4B08EBa4da2D573db2Bc3c811,400000000000000,1ad0767ffd92e5fdf9cc2d7007bc414ea1c70c0ef47e332b0fe06be8c8b2cb4c,1778103359905.047,1778103360414.9368,509.8896484375,30117266,200000,102000000000,20400000000000000,success
45,0xdb1781810F8a53c5Ec34BcaC295f8921eD8956e9,400000000000000,08b55304c7302b73380007ee695ca98698d1b89e1d914c8bf6c7bbe24127c042,1778103360495.7412,1778103360794.4448,298.70361328125,30117267,200000,102000000000,20400000000000000,success
46,0x841e98Fb374AdBF0e03c772a8A5DCb8719984D77,400000000000000,e7cd9af299fa8058b1544cd5087b07394bef4acae180f36c6b8663600c684786,1778103360884.8027,1778103361158.828,274.025146484375,30117268,200000,102000000000,20400000000000000,success
47,0x8611D0c2522d94c4B08EBa4da2D573db2Bc3c811,400000000000000,cc82d2bd3303595051334a254fba4e3ae0f0c2222f0f684ab25443d68ade57c6,1778103361259.3503,1778103361667.7844,408.43408203125,30117269,200000,102000000000,20400000000000000,success
48,0xdb1781810F8a53c5Ec34BcaC295f8921eD8956e9,400000000000000,b6b945f1d63ffbc2d35f1e49cb112843bb654231331ce6581b410e1cf3eab417,1778103361757.2769,1778103362045.3457,288.06884765625,30117270,200000,102000000000,20400000000000000,success
49,0x841e98Fb374AdBF0e03c772a8A5DCb8719984D77,400000000000000,2f0ed93bfc223f8e11fe80396d1dfa322fe3d327a8452faf180f2621d230285f,1778103362154.5225,1778103362305.3372,150.814697265625,30117271,200000,102000000000,20400000000000000,success
50,0x8611D0c2522d94c4B08EBa4da2D573db2Bc3c811,400000000000000,009dc0e321aca4d17f3d11e79c678d505a06625d9b769a2d58bf063b29e98fb5,1778103362429.716,1778103362826.3594,396.643310546875,30117272,200000,102000000000,20400000000000000,success
51,0xdb1781810F8a53c5Ec34BcaC295f8921eD8956e9,400000000000000,cd3e35c475db0fc0c4331f1daad02357551d1a933e312018b9740356fec69cdd,1778103362919.9873,1778103363074.5107,154.5234375,30117273,200000,102000000000,20400000000000000,success
52,0x841e98Fb374AdBF0e03c772a8A5DCb8719984D77,400000000000000,d673c97b598aa2c0e45eabce3d1f52b8b4a2337b5f4fa16e96675774e164afe8,1778103363163.9243,1778103363588.1528,424.228515625,30117274,200000,102000000000,20400000000000000,success
53,0x8611D0c2522d94c4B08EBa4da2D573db2Bc3c811,400000000000000,a84a4e05460969894fa79634ee6f77c82d02989ecb4c63d6c82d3fa0b07a401c,1778103363685.6416,1778103363954.7756,269.134033203125,30117275,200000,102000000000,20400000000000000,success
54,0xdb1781810F8a53c5Ec34BcaC295f8921eD8956e9,400000000000000,6723171ac18ffd8769dd19fae2657e1380c8f5d94aef42b2f8af2321098aa09d,1778103364030.4102,1778103364450.1665,419.75634765625,30117276,200000,102000000000,20400000000000000,success
55,0x841e98Fb374AdBF0e03c772a8A5DCb8719984D77,400000000000000,52189ffe399a94683d1bbbe8f4d407e8a78dcb2fd96419c2dc3ad54979d698b3,1778103364540.9236,1778103364811.8362,270.91259765625,30117277,200000,102000000000,20400000000000000,success
56,0x8611D0c2522d94c4B08EBa4da2D573db2Bc3c811,400000000000000,fd0a2473e69be0d803c0b3cc396d22c903faf88cda581fee251ecf516e06c38c,1778103364921.327,1778103365189.6167,268.289794921875,30117278,200000,102000000000,20400000000000000,success
57,0xdb1781810F8a53c5Ec34BcaC295f8921eD8956e9,400000000000000,7c240b0cd97380f5a11a3243618a4f541cecdbf18b135a78da2e0e22dee6146a,1778103365249.9346,1778103365637.1382,387.20361328125,30117279,200000,102000000000,20400000000000000,success
58,0x841e98Fb374AdBF0e03c772a8A5DCb8719984D77,400000000000000,baef5d3ec6bfea75525c21ca5bb1cd16588f787c0bab1e1a5fba8f9d934b51de,1778103365725.3826,1778103366017.7095,292.326904296875,30117280,200000,102000000000,20400000000000000,success
59,0x8611D0c2522d94c4B08EBa4da2D573db2Bc3c811,400000000000000,063bdee0ea2e5ed59b5a7031697d6f5de37a357beb62aefea0e021a5911c74d3,1778103366104.2002,1778103366375.9956,271.79541015625,30117281,200000,102000000000,20400000000000000,success
60,0xdb1781810F8a53c5Ec34BcaC295f8921eD8956e9,400000000000000,78356ec970ae7b66abfcc6cdc38dbaf8973a5b01bb8b6b6c0471691fa2e52130,1778103366453.9368,1778103366735.8042,281.867431640625,30117282,200000,102000000000,20400000000000000,success
61,0x841e98Fb374AdBF0e03c772a8A5DCb8719984D77,400000000000000,d71ab86ba09d03862b331f593f6a34b5b94451889aeb487a70a5622f37bb4f42,1778103366829.254,1778103367228.8618,399.60791015625,30117283,200000,102000000000,20400000000000000,success
62,0x8611D0c2522d94c4B08EBa4da2D573db2Bc3c811,400000000000000,4ea6ed8a967b5597d58e479c850b1ef534da0785ec412df5cb0928dd38560923,1778103367335.192,1778103367640.1274,304.935546875,30117284,200000,102000000000,20400000000000000,success
63,0xdb1781810F8a53c5Ec34BcaC295f8921eD8956e9,400000000000000,1f1f4ff2322621b6fe3a730ab7f49327a24cfda9017cb02bc0114202907c52b6,1778103367764.545,1778103368048.3125,283.767578125,30117285,200000,102000000000,20400000000000000,success
64,0x841e98Fb374AdBF0e03c772a8A5DCb8719984D77,400000000000000,85ee421b868af34598d53c287a00f4e51db1cbcc10a9b353ce2d06c2db12a713,1778103368141.5352,1778103368444.0544,302.519287109375,30117286,200000,102000000000,20400000000000000,success
65,0x8611D0c2522d94c4B08EBa4da2D573db2Bc3c811,400000000000000,dafdf58f9d2d96a460de9f6606e2af7f111eceb21084376a775909bd48644583,1778103368536.2217,1778103368816.6973,280.4755859375,30117287,200000,102000000000,20400000000000000,success
66,0xdb1781810F8a53c5Ec34BcaC295f8921eD8956e9,400000000000000,73bb59a04d08d10667b8729bc8fe1bb6bb5407e1c4134410c70aaa2dbd7e2e33,1778103368936.4146,1778103369361.9387,425.524169921875,30117288,200000,102000000000,20400000000000000,success
67,0x841e98Fb374AdBF0e03c772a8A5DCb8719984D77,400000000000000,3aac0d3e788f9a2ab0d39af5ba183b0ff9628a9d93d4f41c5470e404896c8152,1778103369476.5369,1778103370961.704,1485.167236328125,30117290,200000,102000000000,20400000000000000,success
68,0x8611D0c2522d94c4B08EBa4da2D573db2Bc3c811,400000000000000,2428eb13e909a2358a8403f7dc75cddfc344471d7cc57e6468a166bec9e7d98e,1778103371037.8806,1778103371477.476,439.595458984375,30117292,200000,102000000000,20400000000000000,success
69,0xdb1781810F8a53c5Ec34BcaC295f8921eD8956e9,400000000000000,0a9a90839ab54dacf72a907d86273dee9c128ec63a3e6b912329722040d8057f,1778103371568.4038,1778103371971.3477,402.94384765625,30117293,200000,102000000000,20400000000000000,success
70,0x841e98Fb374AdBF0e03c772a8A5DCb8719984D77,400000000000000,d27aa729b4ae04ebffbdd48d15a58a81be0115f0ad4e63e0e040c4a4fa08170d,1778103372058.203,1778103372205.156,146.953125,30117294,200000,102000000000,20400000000000000,success
71,0x8611D0c2522d94c4B08EBa4da2D573db2Bc3c811,400000000000000,6cc069cc78b577c453e694244b9dfb38f13fd908d749286deed7d866a0dc4ef4,1778103372295.4038,1778103372696.1453,400.741455078125,30117295,200000,102000000000,20400000000000000,success
72,0xdb1781810F8a53c5Ec34BcaC295f8921eD8956e9,400000000000000,7f32dde191ad46cf37222ec327de669d67ac9a090161e0a425a0c7e9e1c0cc91,1778103372774.6902,1778103373045.73,271.039794921875,30117296,200000,102000000000,20400000000000000,success
73,0x841e98Fb374AdBF0e03c772a8A5DCb8719984D77,400000000000000,fedadd9a22871e60d29fa351e8f217a41476b17bc150ab8dc31681eac3337052,1778103373107.352,1778103373510.7654,403.413330078125,30117297,200000,102000000000,20400000000000000,success
74,0x8611D0c2522d94c4B08EBa4da2D573db2Bc3c811,400000000000000,42c803eae527ceac90d19e46a745537015d6ed0a681f93b36156392120df5c0e,1778103373624.5815,1778103373780.2883,155.706787109375,30117298,200000,102000000000,20400000000000000,success
75,0xdb1781810F8a53c5Ec34BcaC295f8921eD8956e9,400000000000000,6926211c3814f53636db764d3d96b0832c1cac2d91dd01f527c35fdbd139df38,1778103373891.1746,1778103374294.9263,403.751708984375,30117299,200000,102000000000,20400000000000000,success
76,0x841e98Fb374AdBF0e03c772a8A5DCb8719984D77,400000000000000,a7d4f8e8afb80287393c52f32c0c36f428fd88df23c68f1bbc27e725175c8b19,1778103374415.7559,1778103374685.6018,269.845947265625,30117300,200000,102000000000,20400000000000000,success
77,0x8611D0c2522d94c4B08EBa4da2D573db2Bc3c811,400000000000000,7b8a848366ad4e96a3179ac25a378ae0dc3463d53ba9bbb406ef839c84ad0075,1778103374751.0703,1778103375021.75,270.6796875,30117301,200000,102000000000,20400000000000000,success
78,0xdb1781810F8a53c5Ec34BcaC295f8921eD8956e9,400000000000000,9470f298e4222468e1686c7d10dbbaf71ad9b81fd7e7f100842f2255aae3af6b,1778103375127.9392,1778103375422.8818,294.942626953125,30117302,200000,102000000000,20400000000000000,success
79,0x841e98Fb374AdBF0e03c772a8A5DCb8719984D77,400000000000000,3429adce83ed8e593dcc52902458679eebfef14622436eddf0bbd445ca41bc2f,1778103375524.2268,1778103375817.1958,292.968994140625,30117303,200000,102000000000,20400000000000000,success
80,0x8611D0c2522d94c4B08EBa4da2D573db2Bc3c811,400000000000000,d1fa870b6ba7f67a21c185f672c8ac890cc2f0c42878d3be3e154f8bc8e1702c,1778103375929.4475,1778103376366.8906,437.443115234375,30117304,200000,102000000000,20400000000000000,success
81,0xdb1781810F8a53c5Ec34BcaC295f8921eD8956e9,400000000000000,eb813bc130121c8d4497bb65afa80a173aa7df271543907dd1883299a563f936,1778103376478.8062,1778103377024.634,545.827880859375,30117306,200000,102000000000,20400000000000000,success
82,0x841e98Fb374AdBF0e03c772a8A5DCb8719984D77,400000000000000,4f985e045d9300270567ee4d444a7a813bfab980b372a164eec8f3191413d61b,1778103377122.1555,1778103377413.8691,291.713623046875,30117307,200000,102000000000,20400000000000000,success
83,0x8611D0c2522d94c4B08EBa4da2D573db2Bc3c811,400000000000000,429939e65483826a0a28611f41f7fb4ad2a9ed0c2a5e6199dd3c0e9278b48b77,1778103377493.6934,1778103377906.989,413.295654296875,30117308,200000,102000000000,20400000000000000,success
84,0xdb1781810F8a53c5Ec34BcaC295f8921eD8956e9,400000000000000,53f08a1e8a72aecec91e0d3952d603338d0f04a929e7c21eca41ecc9d59f97ca,1778103377987.318,1778103378425.369,438.05078125,30117309,200000,102000000000,20400000000000000,success
85,0x841e98Fb374AdBF0e03c772a8A5DCb8719984D77,400000000000000,7f3881810e037971a450da82c78d07b0ebb32ab9373f2020d520a031c4b3adca,1778103378548.1375,1778103379090.0632,541.92578125,30117311,200000,102000000000,20400000000000000,success
86,0x8611D0c2522d94c4B08EBa4da2D573db2Bc3c811,400000000000000,7553f1126947fe984262a8be90349b6a509bb15a4fc99b312d5cbe8c35d32d90,1778103379196.7427,1778103379483.6794,286.936767578125,30117312,200000,102000000000,20400000000000000,success
87,0xdb1781810F8a53c5Ec34BcaC295f8921eD8956e9,400000000000000,f584aa2976914c93fb61aa52151484b332c081d9a9ea1526dda7646a23f010ff,1778103379574.952,1778103380025.8958,450.94384765625,30117313,200000,102000000000,20400000000000000,success
88,0x841e98Fb374AdBF0e03c772a8A5DCb8719984D77,400000000000000,45e48fdea2a41da1b99130c356a6b05103ecc2d82f29227051e0e84e0595ac49,1778103380164.7102,1778103380683.314,518.603759765625,30117315,200000,102000000000,20400000000000000,success
89,0x8611D0c2522d94c4B08EBa4da2D573db2Bc3c811,400000000000000,acd85f0a7027040d47b60ed4e2e0cd5b917ded8452503088023cc033789f84ea,1778103380832.8196,1778103381109.3333,276.513671875,30117316,200000,102000000000,20400000000000000,success
90,0xdb1781810F8a53c5Ec34BcaC295f8921eD8956e9,400000000000000,633a7ae55f3a48cb50fbb70ced434f1e046d4f85a979fe1efc7e4b8bc0c7a771,1778103381234.3694,1778103382414.0173,1179.64794921875,30117317,200000,102000000000,20400000000000000,success
91,0x841e98Fb374AdBF0e03c772a8A5DCb8719984D77,400000000000000,5b9d7ed014e75831339ef568e510175589dc0039e6f90e8073ee43c1ccda05b4,1778103382474.803,1778103382889.955,415.152099609375,30117319,200000,102000000000,20400000000000000,success
92,0x8611D0c2522d94c4B08EBa4da2D573db2Bc3c811,400000000000000,d1eb65efeac10c9349b46accd0fa6bf6a1d8ef81feaa95d5de1b75e0e6c398f8,1778103382968.3252,1778103383242.4775,274.15234375,30117320,200000,102000000000,20400000000000000,success
93,0xdb1781810F8a53c5Ec34BcaC295f8921eD8956e9,400000000000000,6af8a57285d39037490e7cb7096544592f903dd4592a83d34049252d0df4b235,1778103383344.0337,1778103383618.9907,274.95703125,30117321,200000,102000000000,20400000000000000,success
94,0x841e98Fb374AdBF0e03c772a8A5DCb8719984D77,400000000000000,9f0fb0c9e4b6731f1012972e41433983ba2028763f29621692caaf39dbc3371a,1778103383712.1277,1778103384188.2817,476.154052734375,30117322,200000,102000000000,20400000000000000,success
95,0x8611D0c2522d94c4B08EBa4da2D573db2Bc3c811,400000000000000,6b7d41458e449a1f8b8840251a8068d850999f69067b1422c7f4558665ff012f,1778103384247.8809,1778103384519.906,272.025146484375,30117323,200000,102000000000,20400000000000000,success
96,0xdb1781810F8a53c5Ec34BcaC295f8921eD8956e9,400000000000000,b6f01267b498c1be556f797f6dfcae52d6dd4f40524927c1767c93890a07bb23,1778103384662.8489,1778103384940.542,277.693115234375,30117324,200000,102000000000,20400000000000000,success
97,0x841e98Fb374AdBF0e03c772a8A5DCb8719984D77,400000000000000,9bc9ca4673665c3c670fe2cea0b861bddb26d3ab6574b2c937173ab314bf3d90,1778103385053.9192,1778103385436.8325,382.913330078125,30117325,200000,102000000000,20400000000000000,success
98,0x8611D0c2522d94c4B08EBa4da2D573db2Bc3c811,400000000000000,c4887ff8f2862e3ff2980db6752ce267417faf24623a9af87653ad157c96e3b1,1778103385493.6248,1778103385642.7742,149.1494140625,30117326,200000,102000000000,20400000000000000,success
99,0xdb1781810F8a53c5Ec34BcaC295f8921eD8956e9,400000000000000,7034415de3ab878ad01a5ffa243d27b1339d5e87abfb9051f52d6e62418bf264,1778103385753.182,1778103386169.1428,415.9609375,30117327,200000,102000000000,20400000000000000,success
